<?xml version="1.0"?>

<PrinterList>

  <Printer>
    <UUID>34043662-242b-4c92-8af7-a38ee78fd995</UUID>
    <Name>Ember</Name>
    <Manufacturer>Autodesk</Manufacturer>
    <Technology>DLP</Technology>
    <PrintVolume>64 40 134</PrintVolume>
    <MinLayerHeight>0.01</MinLayerHeight>
    <MaxLayerHeight>0.1</MaxLayerHeight>
    <XYResolution>0.05</XYResolution>
    <LayerSpeed>0.2</LayerSpeed>
    <MaxMaterials>1</MaxMaterials>
    <MaterialTypes>
      <MaterialType>UVCurableResin</MaterialType>
    </MaterialTypes>
    <Icon>makerbot_logo.png</Icon>
  </Printer>

  <Printer>
    <UUID>59fe96cb-0d1a-46cf-9a33-bf3a79117cb6</UUID>
    <Name>A2 (Tall)</Name>
    <Manufacturer>Arcam</Manufacturer>
    <Technology>Metal_EBM</Technology>
    <PrintVolume>200 200 350</PrintVolume>
    <MinLayerHeight>0.025</MinLayerHeight>
    <MaxLayerHeight>0.05</MaxLayerHeight>
    <MaxMaterials>1</MaxMaterials>
    <MaterialTypes>
      <MaterialType>MetalPowder</MaterialType>
    </MaterialTypes>
    <Icon>userprinter.png</Icon>
  </Printer>


  <Printer>
    <UUID>545d83f1-aa36-4e9e-8088-454595249d99</UUID>
    <Name>A2 (Wide)</Name>
    <Manufacturer>Arcam</Manufacturer>
    <Technology>Metal_EBM</Technology>
    <PrintVolume>300 300 200</PrintVolume>
    <BedShape>Circular</BedShape>
    <MinLayerHeight>0.025</MinLayerHeight>
    <MaxLayerHeight>0.05</MaxLayerHeight>
    <MaxMaterials>1</MaxMaterials>
    <MaterialTypes>
      <MaterialType>MetalPowder</MaterialType>
    </MaterialTypes>
    <Icon>userprinter.png</Icon>
  </Printer>

  <Printer>
    <UUID>09b1e01b-61f5-4e7d-890e-95afca014ec8</UUID>
    <Name>A2X</Name>
    <Manufacturer>Arcam</Manufacturer>
    <Technology>Metal_EBM</Technology>
    <PrintVolume>200 200 380</PrintVolume>
    <MinLayerHeight>0.025</MinLayerHeight>
    <MaxLayerHeight>0.05</MaxLayerHeight>
    <MaxMaterials>1</MaxMaterials>
    <MaterialTypes>
      <MaterialType>MetalPowder</MaterialType>
    </MaterialTypes>
    <Icon>userprinter.png</Icon>
  </Printer>


  <Printer>
    <UUID>ded1e144-389e-40e8-8c91-c702abfd19bf</UUID>
    <Name>A2XX</Name>
    <Manufacturer>Arcam</Manufacturer>
    <Technology>Metal_EBM</Technology>
    <PrintVolume>350 350 380</PrintVolume>
    <BedShape>Circular</BedShape>
    <MinLayerHeight>0.025</MinLayerHeight>
    <MaxLayerHeight>0.05</MaxLayerHeight>
    <MaxMaterials>1</MaxMaterials>
    <MaterialTypes>
      <MaterialType>MetalPowder</MaterialType>
    </MaterialTypes>
    <Icon>userprinter.png</Icon>
  </Printer>


  <Printer>
    <UUID>57b587b2-e156-4da9-8c2e-604d5c19094a</UUID>
    <Name>Q10</Name>
    <Manufacturer>Arcam</Manufacturer>
    <Technology>Metal_EBM</Technology>
    <PrintVolume>200 200 180</PrintVolume>
    <MinLayerHeight>0.025</MinLayerHeight>
    <MaxLayerHeight>0.05</MaxLayerHeight>
    <MaxMaterials>1</MaxMaterials>
    <MaterialTypes>
      <MaterialType>MetalPowder</MaterialType>
    </MaterialTypes>
    <Icon>userprinter.png</Icon>
  </Printer>  
  

  <Printer>
    <UUID>05fa2e5b-f4e6-4bda-b7c2-60ea0036a48c</UUID>
    <Name>Q20</Name>
    <Manufacturer>Arcam</Manufacturer>
    <Technology>Metal_EBM</Technology>
    <PrintVolume>350 350 380</PrintVolume>
    <BedShape>Circular</BedShape>
    <MinLayerHeight>0.025</MinLayerHeight>
    <MaxLayerHeight>0.05</MaxLayerHeight>
    <MaxMaterials>1</MaxMaterials>
    <MaterialTypes>
      <MaterialType>MetalPowder</MaterialType>
    </MaterialTypes>
    <Icon>userprinter.png</Icon>
  </Printer>

  <Printer>
    <UUID>5f2ae697-3b58-42b8-b06b-497fcaf1cab1</UUID>
    <Name>Mlab cusing</Name>
    <Manufacturer>ConceptLaser</Manufacturer>
    <Technology>Metal_SLM</Technology>
    <PrintVolume>90 90 80</PrintVolume>
    <MinLayerHeight>0.015</MinLayerHeight>
    <MaxLayerHeight>0.05</MaxLayerHeight>
    <MaxMaterials>1</MaxMaterials>
    <MaterialTypes>
      <MaterialType>MetalPowder</MaterialType>
    </MaterialTypes>
    <Icon>userprinter.png</Icon>
  </Printer>


  <Printer>
    <UUID>bd60d03a-9bef-4dab-9a40-636b2d4c0abc</UUID>
    <Name>M1 cusing</Name>
    <Manufacturer>ConceptLaser</Manufacturer>
    <Technology>Metal_SLM</Technology>
    <PrintVolume>250 250 250</PrintVolume>
    <MinLayerHeight>0.02</MinLayerHeight>
    <MaxLayerHeight>0.08</MaxLayerHeight>
    <MaxMaterials>1</MaxMaterials>
    <MaterialTypes>
      <MaterialType>MetalPowder</MaterialType>
    </MaterialTypes>
    <Icon>userprinter.png</Icon>
  </Printer>

  <Printer>
    <UUID>de261689-e6b0-4e20-a102-0a32d7482773</UUID>
    <Name>M2 cusing</Name>
    <Manufacturer>ConceptLaser</Manufacturer>
    <Technology>Metal_SLM</Technology>
    <PrintVolume>250 250 280</PrintVolume>
    <MinLayerHeight>0.02</MinLayerHeight>
    <MaxLayerHeight>0.08</MaxLayerHeight>
    <MaxMaterials>1</MaxMaterials>
    <MaterialTypes>
      <MaterialType>MetalPowder</MaterialType>
    </MaterialTypes>
    <Icon>userprinter.png</Icon>
  </Printer>

  <Printer>
    <UUID>751eafcc-56b9-4e83-9cfa-9e7f71effbdd</UUID>
    <Name>M2 cusing Multilaser</Name>
    <Manufacturer>ConceptLaser</Manufacturer>
    <Technology>Metal_SLM</Technology>
    <PrintVolume>250 250 280</PrintVolume>
    <MinLayerHeight>0.02</MinLayerHeight>
    <MaxLayerHeight>0.08</MaxLayerHeight>
    <MaxMaterials>1</MaxMaterials>
    <MaterialTypes>
      <MaterialType>MetalPowder</MaterialType>
    </MaterialTypes>
    <Icon>userprinter.png</Icon>
  </Printer>  
  
  <Printer>
    <UUID>d49ba6bb-7294-4c0b-add8-2af25208e048</UUID>
    <Name>X line 2000R</Name>
    <Manufacturer>ConceptLaser</Manufacturer>
    <Technology>Metal_SLM</Technology>
    <PrintVolume>800 400 500</PrintVolume>
    <MinLayerHeight>0.02</MinLayerHeight>
    <MaxLayerHeight>0.15</MaxLayerHeight>
    <MaxMaterials>1</MaxMaterials>
    <MaterialTypes>
      <MaterialType>MetalPowder</MaterialType>
    </MaterialTypes>
    <Icon>userprinter.png</Icon>
  </Printer>

  <Printer>
    <UUID>a4854a23-bb8b-40a2-9f5b-8017af990bb9</UUID>
    <Name>J750</Name>
    <Manufacturer>Stratasys</Manufacturer>
    <PrintVolume>490 390 200</PrintVolume>
  </Printer>

  <Printer>
    <UUID>463a310e-656b-4eab-9688-e32c1e9803f3</UUID>
    <Name>Objet24</Name>
    <Manufacturer>Stratasys</Manufacturer>
    <Technology>Polyjet</Technology>
    <PrintVolume>234 192 148.6</PrintVolume>
    <MinLayerHeight>0.028</MinLayerHeight>
    <MaxLayerHeight>0.028</MaxLayerHeight>
    <MaxMaterials>1</MaxMaterials>
    <MaterialTypes>
      <MaterialType>PolyjetResin</MaterialType>
    </MaterialTypes>
    <Icon>stratasys_logo.png</Icon>
  </Printer>

  <Printer>
    <UUID>e479e0d5-3aaf-4a03-ab21-5260e10d3202</UUID>
    <Name>Objet30</Name>
    <Manufacturer>Stratasys</Manufacturer>
    <Technology>Polyjet</Technology>
    <PrintVolume>294 192 148.6</PrintVolume>
    <MinLayerHeight>0.03</MinLayerHeight>
    <MaxLayerHeight>0.03</MaxLayerHeight>
    <MaxMaterials>1</MaxMaterials>
    <MaterialTypes>
      <MaterialType>PolyjetResin</MaterialType>
    </MaterialTypes>
    <Icon>stratasys_logo.png</Icon>
  </Printer>


  <Printer>
    <UUID>9fc9d0dc-856f-4eea-85c8-c14e64119dd9</UUID>
    <Name>Objet30 Prime</Name>
    <Manufacturer>Stratasys</Manufacturer>
    <Technology>Polyjet</Technology>
    <PrintVolume>294 192 148.6</PrintVolume>
    <MinLayerHeight>0.016</MinLayerHeight>
    <MaxLayerHeight>0.036</MaxLayerHeight>
    <MaxMaterials>1</MaxMaterials>
    <MaterialTypes>
      <MaterialType>PolyjetResin</MaterialType>
    </MaterialTypes>
    <Icon>stratasys_logo.png</Icon>
  </Printer>

  <Printer>
    <UUID>9323ee0b-0714-4f75-aa7f-0ab2a783bfc7</UUID>
    <Name>Objet30 Pro</Name>
    <Manufacturer>Stratasys</Manufacturer>
    <Technology>Polyjet</Technology>
    <PrintVolume>294 192 148.6 </PrintVolume>
    <MinLayerHeight>0.016</MinLayerHeight>
    <MaxLayerHeight>0.030</MaxLayerHeight>
    <MaxMaterials>1</MaxMaterials>
    <MaterialTypes>
      <MaterialType>PolyjetResin</MaterialType>
    </MaterialTypes>
    <Icon>stratasys_logo.png</Icon>
  </Printer>  
  

  <Printer>
    <UUID>1e55f9e8-463e-40c8-a681-ca60c83f80c6</UUID>
    <Name>Objet Eden260VS</Name>
    <Manufacturer>Stratasys</Manufacturer>
    <Technology>Polyjet</Technology>
    <PrintVolume>255 252 200</PrintVolume>
    <MinLayerHeight>0.016</MinLayerHeight>
    <MaxLayerHeight>0.03</MaxLayerHeight>
    <MaxMaterials>1</MaxMaterials>
    <MaterialTypes>
      <MaterialType>PolyjetResin</MaterialType>
    </MaterialTypes>
    <Icon>stratasys_logo.png</Icon>
  </Printer>

  
  <Printer>
    <UUID>22aa161e-9f54-46e3-ab11-62b36577a669</UUID>
    <Name>Objet260 Connex3</Name>
    <Manufacturer>Stratasys</Manufacturer>
    <Technology>Polyjet</Technology>
    <PrintVolume>255 252 200</PrintVolume>
    <MinLayerHeight>0.016</MinLayerHeight>
    <MaxLayerHeight>0.03</MaxLayerHeight>
    <MaxMaterials>3</MaxMaterials>
    <MaterialTypes>
      <MaterialType>PolyjetResin</MaterialType>
    </MaterialTypes>
    <Icon>stratasys_logo.png</Icon>
  </Printer>


  <Printer>
    <UUID>498a4051-8ee6-47f4-9dd6-957b867e590d</UUID>
    <Name>Objet350 Connex3</Name>
    <Manufacturer>Stratasys</Manufacturer>
    <Technology>Polyjet</Technology>
    <PrintVolume>342 342 200</PrintVolume>
    <MinLayerHeight>0.016</MinLayerHeight>
    <MaxLayerHeight>0.03</MaxLayerHeight>
    <MaxMaterials>3</MaxMaterials>
    <MaterialTypes>
      <MaterialType>PolyjetResin</MaterialType>
    </MaterialTypes>
    <Icon>stratasys_logo.png</Icon>
  </Printer>

  <Printer>
    <UUID>3421e8a6-04d2-4b7e-b0f0-b2a3ebcd4880</UUID>
    <Name>Objet500 Connex3</Name>
    <Manufacturer>Stratasys</Manufacturer>
    <Technology>Polyjet</Technology>
    <PrintVolume>490 390 200</PrintVolume>
    <MinLayerHeight>0.016</MinLayerHeight>
    <MaxLayerHeight>0.03</MaxLayerHeight>
    <MaxMaterials>3</MaxMaterials>
    <MaterialTypes>
      <MaterialType>PolyjetResin</MaterialType>
    </MaterialTypes>
    <Icon>stratasys_logo.png</Icon>
  </Printer>

  <Printer>
    <UUID>08993475-5bf0-4844-b908-eb0f1e44cca4</UUID>
    <Name>Connex 500</Name>
    <Manufacturer>Stratasys</Manufacturer>
    <Technology>Polyjet</Technology>
    <PrintVolume>490 390 200</PrintVolume>
    <MinLayerHeight>0.016</MinLayerHeight>
    <MaxLayerHeight>0.03</MaxLayerHeight>
    <MaxMaterials>2</MaxMaterials>
    <MaterialTypes>
      <MaterialType>PolyjetResin</MaterialType>
    </MaterialTypes>
    <Icon>stratasys_logo.png</Icon>
  </Printer>  
  
  
  <Printer>
    <UUID>3bf3a99a-4804-4681-b208-2bcc92c0eb2c</UUID>
    <Name>Objet1000 Plus</Name>
    <Manufacturer>Stratasys</Manufacturer>
    <Technology>Polyjet</Technology>
    <PrintVolume>1000 800 500</PrintVolume>
    <MinLayerHeight>0.016</MinLayerHeight>
    <MaxLayerHeight>0.03</MaxLayerHeight>
    <MaxModelWeight>135000</MaxModelWeight>
    <MaxMaterials>2</MaxMaterials>
    <MaterialTypes>
      <MaterialType>PolyjetResin</MaterialType>
    </MaterialTypes>
    <Icon>stratasys_logo.png</Icon>
  </Printer>  
  
  <Printer>
    <UUID>06c9c7d0-21fd-41bb-a5ec-3269df40dfdd</UUID>
    <Name>3D Idea Builder</Name>
    <Manufacturer>Dremel</Manufacturer>
    <Technology>FilamentExtrusion</Technology>
    <PrintVolume>230 150 140</PrintVolume>
    <MaxTemperature>230</MaxTemperature>
    <MinLayerHeight>0.1</MinLayerHeight>
    <MaxLayerHeight>0.3</MaxLayerHeight>
    <NozzleDiameter>0.4</NozzleDiameter>
    <FilamentDiameter>1.75</FilamentDiameter>
    <MaxMaterials>1</MaxMaterials>
    <MaterialTypes>
      <MaterialType>PLAFilament</MaterialType>
    </MaterialTypes>
    <Icon>dremel_logo.png</Icon>
  </Printer>

<!-- Plastic -->
  
  <Printer>
    <UUID>235dc90d-06df-4464-b9ed-e1ed542bd124</UUID>
    <Name>FORMIGA P110</Name>
    <Manufacturer>EOS</Manufacturer>
    <Technology>Plastic_SLS</Technology>
    <PrintVolume>200 250 330</PrintVolume>
    <MinLayerHeight>0.06</MinLayerHeight>
    <MaxLayerHeight>0.12</MaxLayerHeight>
    <MaxMaterials>1</MaxMaterials>
    <MaterialTypes>
      <MaterialType>PlasticPowder</MaterialType>
    </MaterialTypes>
    <Icon>userprinter.png</Icon>
  </Printer>

  <Printer>
    <UUID>48317dd1-d71b-4b9b-9a4d-4a48fd90415b</UUID>
    <Name>EOS P396</Name>
    <Manufacturer>EOS</Manufacturer>
    <Technology>Plastic_SLS</Technology>
    <PrintVolume>340 340 600</PrintVolume>
    <MinLayerHeight>0.06</MinLayerHeight>
    <MaxLayerHeight>0.18</MaxLayerHeight>
    <MaxMaterials>1</MaxMaterials>
    <MaterialTypes>
      <MaterialType>PlasticPowder</MaterialType>
    </MaterialTypes>
    <Icon>userprinter.png</Icon>
  </Printer>

  <Printer>
    <UUID>27de02b8-075b-4bb7-b5dc-014454ebd020</UUID>
    <Name>EOSINT P760</Name>
    <Manufacturer>EOS</Manufacturer>
    <Technology>Plastic_SLS</Technology>
    <PrintVolume>700 380 580</PrintVolume>
    <MinLayerHeight>0.06</MinLayerHeight>
    <MaxLayerHeight>0.18</MaxLayerHeight>
    <MaxMaterials>1</MaxMaterials>
    <MaterialTypes>
      <MaterialType>PlasticPowder</MaterialType>
    </MaterialTypes>
    <Icon>userprinter.png</Icon>
  </Printer>

  <Printer>
    <UUID>83e8f2f2-b543-4f88-9c59-4e3267144d65</UUID>
    <Name>EOSINT P800</Name>
    <Manufacturer>EOS</Manufacturer>
    <Technology>Plastic_SLS</Technology>
    <PrintVolume>700 380 580</PrintVolume>
    <MinLayerHeight>0.06</MinLayerHeight>
    <MaxLayerHeight>0.18</MaxLayerHeight>
    <MaxMaterials>1</MaxMaterials>
    <MaterialTypes>
      <MaterialType>PlasticPowder</MaterialType>
    </MaterialTypes>
    <Icon>userprinter.png</Icon>
  </Printer>



  <!-- Metal -->

  <Printer>
    <UUID>c9e012be-055a-4976-aa78-55d0565fd246</UUID>
    <Name>EOSINT M280</Name>
    <Manufacturer>EOS</Manufacturer>
    <Technology>Metal_SLM</Technology>
    <PrintVolume>250 250 325</PrintVolume>
    <MinLayerHeight>0.06</MinLayerHeight>
    <MaxLayerHeight>0.12</MaxLayerHeight>
    <MaxMaterials>1</MaxMaterials>
    <MaterialTypes>
      <MaterialType>PlasticPowder</MaterialType>
    </MaterialTypes>
    <Icon>userprinter.png</Icon>
  </Printer>

  <Printer>
    <UUID>021ae4ba-19f5-4572-b270-c548e9a2d8e5</UUID>
    <Name>EOSINT M290</Name>
    <Manufacturer>EOS</Manufacturer>
    <Technology>Metal_SLM</Technology>
    <PrintVolume>250 250 325</PrintVolume>
    <MinLayerHeight>0.06</MinLayerHeight>
    <MaxLayerHeight>0.18</MaxLayerHeight>
    <MaxMaterials>1</MaxMaterials>
    <MaterialTypes>
      <MaterialType>PlasticPowder</MaterialType>
    </MaterialTypes>
    <Icon>userprinter.png</Icon>
  </Printer>

  <Printer>
    <UUID>459a7434-0109-4d1b-932b-42d9d0522039</UUID>
    <Name>EOSINT M100</Name>
    <Manufacturer>EOS</Manufacturer>
    <Technology>Metal_SLM</Technology>
    <PrintVolume>100 100 95</PrintVolume>
    <BedShape>Circular</BedShape>
    <MinLayerHeight>0.06</MinLayerHeight>
    <MaxLayerHeight>0.18</MaxLayerHeight>
    <MaxMaterials>1</MaxMaterials>
    <MaterialTypes>
      <MaterialType>PlasticPowder</MaterialType>
    </MaterialTypes>
    <Icon>userprinter.png</Icon>
  </Printer>

  <Printer>
    <UUID>3e36554f-0429-466a-bf5b-b36bbe08c026</UUID>
    <Name>M-Flex</Name>
    <Manufacturer>ExOne</Manufacturer>
    <Technology>BinderJetting</Technology>
    <PrintVolume>400 250 250</PrintVolume>
    <MinLayerHeight>0.1</MinLayerHeight>
    <MaxLayerHeight>0.3</MaxLayerHeight>
    <ResolutionX>0.0635</ResolutionX>
    <ResolutionY>0.06</ResolutionY>
    <ResolutionZ>0.1</ResolutionZ>
    <LayerSpeed>0.017</LayerSpeed>
    <MaxMaterials>1</MaxMaterials>
    <MaterialTypes>
      <MaterialType>MetalPowder</MaterialType>
    </MaterialTypes>
    <Icon>ultimaker_logo.png</Icon>
  </Printer>


  <Printer>
    <UUID>e7a8c122-4f7a-408d-a4cc-6d27aa0d7bed</UUID>
    <Name>Innovent</Name>
    <Manufacturer>ExOne</Manufacturer>
    <Technology>BinderJetting</Technology>
    <PrintVolume>160 65 65</PrintVolume>
    <MinLayerHeight>0.05</MinLayerHeight>
    <MaxLayerHeight>0.3</MaxLayerHeight>
    <ResolutionX>0.0635</ResolutionX>
    <ResolutionY>0.06</ResolutionY>
    <ResolutionZ>0.1</ResolutionZ>
    <LayerSpeed>0.017</LayerSpeed>
    <MaxMaterials>1</MaxMaterials>
    <MaterialTypes>
      <MaterialType>MetalPowder</MaterialType>
    </MaterialTypes>
    <Icon>ultimaker_logo.png</Icon>
  </Printer>



  <Printer>
    <UUID>61a30d4a-3678-424b-9ec1-c85a4c3b4b86</UUID>
    <Name>M-Print</Name>
    <Manufacturer>ExOne</Manufacturer>
    <Technology>BinderJetting</Technology>
    <PrintVolume>800 500 400</PrintVolume>
    <MinLayerHeight>0.15</MinLayerHeight>
    <MaxLayerHeight>0.3</MaxLayerHeight>
    <ResolutionX>0.0635</ResolutionX>
    <ResolutionY>0.06</ResolutionY>
    <ResolutionZ>0.1</ResolutionZ>
    <LayerSpeed>0.017</LayerSpeed>
    <MaxMaterials>1</MaxMaterials>
    <MaterialTypes>
      <MaterialType>MetalPowder</MaterialType>
    </MaterialTypes>
    <Icon>ultimaker_logo.png</Icon>
  </Printer>



  <Printer>
    <UUID>694d6d5f-a1b5-40a4-aad9-26835862a720</UUID>
    <Name>S-Print</Name>
    <Manufacturer>ExOne</Manufacturer>
    <Technology>BinderJetting</Technology>
    <PrintVolume>800 500 400</PrintVolume>
    <MinLayerHeight>0.28</MinLayerHeight>
    <MaxLayerHeight>0.50</MaxLayerHeight>
    <ResolutionX>0.1</ResolutionX>
    <ResolutionY>0.1</ResolutionY>
    <ResolutionZ>0.1</ResolutionZ>
    <LayerSpeed>0.004</LayerSpeed>
    <MaxMaterials>1</MaxMaterials>
    <MaterialTypes>
      <MaterialType>Sand</MaterialType>
    </MaterialTypes>
    <Icon>ultimaker_logo.png</Icon>
  </Printer>


  <Printer>
    <UUID>84d910a0-5f82-4c68-9d0b-34dd555be678</UUID>
    <Name>Exerial</Name>
    <Manufacturer>ExOne</Manufacturer>
    <Technology>BinderJetting</Technology>
    <PrintVolume>2200 1200 700</PrintVolume>
    <MinLayerHeight>0.28</MinLayerHeight>
    <MaxLayerHeight>0.50</MaxLayerHeight>
    <ResolutionX>0.1</ResolutionX>
    <ResolutionY>0.1</ResolutionY>
    <ResolutionZ>0.1</ResolutionZ>
    <LayerSpeed>0.083</LayerSpeed>
    <MaxMaterials>1</MaxMaterials>
    <MaterialTypes>
      <MaterialType>Sand</MaterialType>
    </MaterialTypes>
    <Icon>ultimaker_logo.png</Icon>
  </Printer>


  <Printer>
    <UUID>7a0d503c-7f65-462d-816e-6f3a95e96c2e</UUID>
    <Name>S-Max+</Name>
    <Manufacturer>ExOne</Manufacturer>
    <Technology>BinderJetting</Technology>
    <PrintVolume>1800 1000 600</PrintVolume>
    <MinLayerHeight>0.28</MinLayerHeight>
    <MaxLayerHeight>0.50</MaxLayerHeight>
    <ResolutionX>0.1</ResolutionX>
    <ResolutionY>0.1</ResolutionY>
    <ResolutionZ>0.1</ResolutionZ>
    <LayerSpeed>0.016</LayerSpeed>
    <MaxMaterials>1</MaxMaterials>
    <MaterialTypes>
      <MaterialType>Sand</MaterialType>
    </MaterialTypes>
    <Icon>ultimaker_logo.png</Icon>
  </Printer>


  <Printer>
    <UUID>69d02b3f-55f0-4d2e-9b1b-90dba89c6b7d</UUID>
    <Name>S-Max</Name>
    <Manufacturer>ExOne</Manufacturer>
    <Technology>BinderJetting</Technology>
    <PrintVolume>1800 1000 700</PrintVolume>
    <MinLayerHeight>0.28</MinLayerHeight>
    <MaxLayerHeight>0.50</MaxLayerHeight>
    <ResolutionX>0.1</ResolutionX>
    <ResolutionY>0.1</ResolutionY>
    <ResolutionZ>0.1</ResolutionZ>
    <LayerSpeed>0.016</LayerSpeed>
    <MaxMaterials>1</MaxMaterials>
    <MaterialTypes>
      <MaterialType>Sand</MaterialType>
    </MaterialTypes>
    <Icon>ultimaker_logo.png</Icon>
  </Printer>

  <Printer>
    <UUID>4528249c-f666-4185-8b32-2f2a7f269577</UUID>
    <Name>Dreamer</Name>
    <Manufacturer>FlashForge</Manufacturer>
    <Technology>FilamentExtrusion</Technology>
    <PrintVolume>230 150 140</PrintVolume>
    <MinLayerHeight>0.1</MinLayerHeight>
    <MaxLayerHeight>0.5</MaxLayerHeight>
    <NozzleDiameter>0.4</NozzleDiameter>
    <FilamentDiameter>1.75</FilamentDiameter>
    <MaxMaterials>2</MaxMaterials>
    <MaterialTypes>
      <MaterialType>PLAFilament</MaterialType>
    </MaterialTypes>
    <Icon>makergear_logo.png</Icon>
  </Printer>


  <Printer>
    <UUID>c1c543a0-4bb2-440a-afc2-0318aea93e5e</UUID>
    <Name>Creator Pro</Name>
    <Manufacturer>FlashForge</Manufacturer>
    <Technology>FilamentExtrusion</Technology>
    <PrintVolume>227 148 150</PrintVolume>
    <MinLayerHeight>0.1</MinLayerHeight>
    <MaxLayerHeight>0.5</MaxLayerHeight>
    <NozzleDiameter>0.4</NozzleDiameter>
    <FilamentDiameter>1.75</FilamentDiameter>
    <MaxMaterials>2</MaxMaterials>
    <MaterialTypes>
      <MaterialType>PLAFilament</MaterialType>
    </MaterialTypes>
    <Icon>makergear_logo.png</Icon>
  </Printer>



  <Printer>
    <UUID>a3aea073-33ac-4544-a345-8af8aaebae3d</UUID>
    <Name>Finder</Name>
    <Manufacturer>FlashForge</Manufacturer>
    <Technology>FilamentExtrusion</Technology>
    <PrintVolume>140 140 140</PrintVolume>
    <MinLayerHeight>0.1</MinLayerHeight>
    <MaxLayerHeight>0.5</MaxLayerHeight>
    <NozzleDiameter>0.4</NozzleDiameter>
    <FilamentDiameter>1.75</FilamentDiameter>
    <MaxMaterials>1</MaxMaterials>
    <MaterialTypes>
      <MaterialType>PLAFilament</MaterialType>
    </MaterialTypes>
    <Icon>makergear_logo.png</Icon>
  </Printer>



  <Printer>
    <UUID>6a2eff14-be6c-4ad6-8929-6f694a4f64c1</UUID>
    <Name>Explorer</Name>
    <Manufacturer>FlashForge</Manufacturer>
    <Technology>DLP</Technology>
    <PrintVolume>51.2 38.4 100</PrintVolume>
    <MinLayerHeight>0.05</MinLayerHeight>
    <MaxLayerHeight>0.05</MaxLayerHeight>
    <MaxMaterials>1</MaxMaterials>
    <MaterialTypes>
      <MaterialType>UVCurableResin</MaterialType>
    </MaterialTypes>
    <Icon>makergear_logo.png</Icon>
  </Printer>

  <Printer>
    <UUID>44167fb6-886e-4cb3-9a59-e0180497dcae</UUID>
    <Name>Form 2</Name>
    <Manufacturer>FormLabs</Manufacturer>
    <Technology>SLA</Technology>
    <PrintVolume>145 145 175</PrintVolume>
    <MinLayerHeight>0.025</MinLayerHeight>
    <MaxLayerHeight>0.1</MaxLayerHeight>
    <XYResolution>0.14</XYResolution>
    <LayerSpeed>0.2</LayerSpeed>
    <MaxMaterials>1</MaxMaterials>
    <MaterialTypes>
      <MaterialType>UVCurableResin</MaterialType>
    </MaterialTypes>
    <Icon>makerbot_logo.png</Icon>
  </Printer>


  <Printer>
    <UUID>a1b94f51-ddd5-4b17-8de1-48d194903118</UUID>
    <Name>Form 1+</Name>
    <Manufacturer>FormLabs</Manufacturer>
    <Technology>SLA</Technology>
    <PrintVolume>125 125 165</PrintVolume>
    <MinLayerHeight>0.025</MinLayerHeight>
    <MaxLayerHeight>0.1</MaxLayerHeight>
    <XYResolution>0.155</XYResolution>
    <MaxMaterials>1</MaxMaterials>
    <MaterialTypes>
      <MaterialType>UVCurableResin</MaterialType>
    </MaterialTypes>
    <Icon>makerbot_logo.png</Icon>
  </Printer>



  <Printer>
    <UUID>4869846f-47d3-4f8a-9c24-65136a67a0be</UUID>
    <Name>Form 1</Name>
    <Manufacturer>FormLabs</Manufacturer>
    <Technology>SLA</Technology>
    <PrintVolume>125 125 165</PrintVolume>
    <MinLayerHeight>0.025</MinLayerHeight>
    <MaxLayerHeight>0.1</MaxLayerHeight>
    <XYResolution>0.3</XYResolution>
    <MaxMaterials>1</MaxMaterials>
    <MaterialTypes>
      <MaterialType>UVCurableResin</MaterialType>
    </MaterialTypes>
    <Icon>makerbot_logo.png</Icon>
  </Printer>

  <Printer>
    <UUID>fa2c7e41-8cc6-4a04-93d5-e80dffe00b8f</UUID>
    <Name>Mini</Name>
    <Manufacturer>Lulzbot</Manufacturer>
    <Technology>FilamentExtrusion</Technology>
    <PrintVolume>152 152 158</PrintVolume>
    <MinNozzleTemperature>120</MinNozzleTemperature>
    <MaxNozzleTemperature>300</MaxNozzleTemperature>
    <MinLayerHeight>0.05</MinLayerHeight>
    <MaxLayerHeight>0.5</MaxLayerHeight>
    <NozzleDiameter>0.5</NozzleDiameter>
    <FilamentDiameter>3.0</FilamentDiameter>
    <MaxMaterials>1</MaxMaterials>
    <MaterialTypes>
      <MaterialType>PLAFilament</MaterialType>
      <MaterialType>ABSFilament</MaterialType>
      <MaterialType>NylonFilament</MaterialType>
    </MaterialTypes>
    <Icon>typea_logo.png</Icon>
  </Printer>


  <Printer>
    <UUID>dd835022-6fe5-42f5-9a6a-b9a23cf331aa</UUID>
    <Name>Taz 5</Name>
    <Manufacturer>Lulzbot</Manufacturer>
    <Technology>FilamentExtrusion</Technology>
    <PrintVolume>290 275 250</PrintVolume>
    <MinNozzleTemperature>120</MinNozzleTemperature>
    <MaxNozzleTemperature>300</MaxNozzleTemperature>
    <MinLayerHeight>0.05</MinLayerHeight>
    <MaxLayerHeight>0.5</MaxLayerHeight>
    <NozzleDiameter>0.5</NozzleDiameter>
    <FilamentDiameter>3.0</FilamentDiameter>
    <MaxMaterials>1</MaxMaterials>
    <MaterialTypes>
      <MaterialType>PLAFilament</MaterialType>
      <MaterialType>ABSFilament</MaterialType>
      <MaterialType>NylonFilament</MaterialType>
    </MaterialTypes>
    <Icon>typea_logo.png</Icon>
  </Printer>

  <Printer>
    <UUID>32cdb4fd-71ea-4920-825a-b5fdaeaced4d</UUID>
    <Name>Cupcake CNC</Name>
    <Manufacturer>Makerbot</Manufacturer>
    <Technology>FilamentExtrusion</Technology>
    <PrintVolume>100 100 130</PrintVolume>
    <MaxTemperature>280</MaxTemperature>
    <MinLayerHeight>0.1</MinLayerHeight>
    <MaxLayerHeight>0.3</MaxLayerHeight>
    <NozzleDiameter>0.4</NozzleDiameter>
    <FilamentDiameter>3</FilamentDiameter>
    <MaxMaterials>1</MaxMaterials>
    <MaterialTypes>
      <MaterialType>PLAFilament</MaterialType>
      <MaterialType>ABSFilament</MaterialType>
    </MaterialTypes>
    <Icon>makerbot_logo.png</Icon>
  </Printer>


  <Printer>
    <UUID>780a1514-0eff-408e-8641-50510a5a5adf</UUID>
    <Name>Thing-O-Matic</Name>
    <Manufacturer>Makerbot</Manufacturer>
    <Technology>FilamentExtrusion</Technology>
    <PrintVolume>100 100 100</PrintVolume>
    <MaxTemperature>280</MaxTemperature>
    <MinLayerHeight>0.1</MinLayerHeight>
    <MaxLayerHeight>0.3</MaxLayerHeight>
    <NozzleDiameter>0.4</NozzleDiameter>
    <FilamentDiameter>1.75</FilamentDiameter>
    <MaxMaterials>1</MaxMaterials>
    <MaterialTypes>
      <MaterialType>PLAFilament</MaterialType>
      <MaterialType>ABSFilament</MaterialType>
    </MaterialTypes>
    <Icon>makerbot_logo.png</Icon>
  </Printer>

  <Printer>
    <UUID>475b20dd-93ec-4879-a06d-260d1327ec2f</UUID>
    <Name>Replicator</Name>
    <Manufacturer>Makerbot</Manufacturer>
    <Technology>FilamentExtrusion</Technology>
    <PrintVolume>225 145 150</PrintVolume>
    <MaxTemperature>280</MaxTemperature>
    <MinLayerHeight>0.1</MinLayerHeight>
    <MaxLayerHeight>0.3</MaxLayerHeight>
    <NozzleDiameter>0.4</NozzleDiameter>
    <FilamentDiameter>1.75</FilamentDiameter>
    <MaxMaterials>2</MaxMaterials>
    <MaterialTypes>
      <MaterialType>PLAFilament</MaterialType>
      <MaterialType>ABSFilament</MaterialType>
    </MaterialTypes>
    <Icon>makerbot_logo.png</Icon>
  </Printer>
  
  <Printer>
    <UUID>d667c8dd-2f19-47e2-8eee-f90b91af64cc</UUID>
    <Name>Replicator 2</Name>
    <Manufacturer>Makerbot</Manufacturer>
    <Technology>FilamentExtrusion</Technology>
    <PrintVolume>285 153 155</PrintVolume>
    <MaxTemperature>280</MaxTemperature>
    <MinLayerHeight>0.1</MinLayerHeight>
    <MaxLayerHeight>0.3</MaxLayerHeight>
    <NozzleDiameter>0.4</NozzleDiameter>
    <FilamentDiameter>1.75</FilamentDiameter>
    <MaxMaterials>1</MaxMaterials>
    <MaterialTypes>
      <MaterialType>PLAFilament</MaterialType>
    </MaterialTypes>
    <Icon>makerbot_logo.png</Icon>
  </Printer>


  <Printer>
    <UUID>f27e6650-7d91-4a21-b6c4-cc3363100c65</UUID>
    <Name>Replicator 2X</Name>
    <Manufacturer>Makerbot</Manufacturer>
    <Technology>FilamentExtrusion</Technology>
    <PrintVolume>285 153 155</PrintVolume>
    <MaxTemperature>280</MaxTemperature>
    <MinLayerHeight>0.1</MinLayerHeight>
    <MaxLayerHeight>0.3</MaxLayerHeight>
    <NozzleDiameter>0.4</NozzleDiameter>
    <FilamentDiameter>1.75</FilamentDiameter>
    <MaxMaterials>2</MaxMaterials>
    <MaterialTypes>
      <MaterialType>PLAFilament</MaterialType>
      <MaterialType>ABSFilament</MaterialType>
    </MaterialTypes>
    <Icon>makerbot_logo.png</Icon>
  </Printer>



  <Printer>
    <UUID>f299c153-ba76-486f-8385-114ecbdfcafc</UUID>
    <Name>Replicator Mini</Name>
    <Manufacturer>Makerbot</Manufacturer>
    <Technology>FilamentExtrusion</Technology>
    <PrintVolume>100 100 125</PrintVolume>
    <MaxTemperature>280</MaxTemperature>
    <MinLayerHeight>0.2</MinLayerHeight>
    <MaxLayerHeight>0.3</MaxLayerHeight>
    <NozzleDiameter>0.4</NozzleDiameter>
    <FilamentDiameter>1.75</FilamentDiameter>
    <MaxMaterials>2</MaxMaterials>
    <MaterialTypes>
      <MaterialType>PLAFilament</MaterialType>
    </MaterialTypes>
    <Icon>makerbot_logo.png</Icon>
  </Printer>


  <Printer>
    <UUID>f4018158-5430-496e-b3c7-a2b9f28cf600</UUID>
    <Name>Replicator 5th Gen</Name>
    <Manufacturer>Makerbot</Manufacturer>
    <Technology>FilamentExtrusion</Technology>
    <PrintVolume>252 199 150</PrintVolume>
    <MaxTemperature>280</MaxTemperature>
    <MinLayerHeight>0.1</MinLayerHeight>
    <MaxLayerHeight>0.3</MaxLayerHeight>
    <NozzleDiameter>0.4</NozzleDiameter>
    <FilamentDiameter>1.75</FilamentDiameter>
    <MaxMaterials>2</MaxMaterials>
    <MaterialTypes>
      <MaterialType>PLAFilament</MaterialType>
    </MaterialTypes>
    <Icon>makerbot_logo.png</Icon>
  </Printer>


  <Printer>
    <UUID>ac34be8c-b9c7-4852-95a3-03a35b410b1b</UUID>
    <Name>Replicator Z18</Name>
    <Manufacturer>Makerbot</Manufacturer>
    <Technology>FilamentExtrusion</Technology>
    <PrintVolume>300 305 457</PrintVolume>
    <MaxTemperature>280</MaxTemperature>
    <MinLayerHeight>0.1</MinLayerHeight>
    <MaxLayerHeight>0.3</MaxLayerHeight>
    <NozzleDiameter>0.4</NozzleDiameter>
    <FilamentDiameter>1.75</FilamentDiameter>
    <MaxMaterials>2</MaxMaterials>
    <MaterialTypes>
      <MaterialType>PLAFilament</MaterialType>
    </MaterialTypes>
    <Icon>makerbot_logo.png</Icon>
  </Printer>

  <Printer>
    <UUID>d2d500d1-6a57-4ccc-884a-2fbde09f33ff</UUID>
    <Name>M2</Name>
    <Manufacturer>MakerGear</Manufacturer>
    <Technology>FilamentExtrusion</Technology>
    <PrintVolume>203 254 203</PrintVolume>
    <MinLayerHeight>0.02</MinLayerHeight>
    <MaxLayerHeight>0.25</MaxLayerHeight>
    <NozzleDiameter>0.35</NozzleDiameter>
    <FilamentDiameter>1.75</FilamentDiameter>
    <MaxMaterials>1</MaxMaterials>
    <MaterialTypes>
      <MaterialType>PLAFilament</MaterialType>
      <MaterialType>ABSFilament</MaterialType>
    </MaterialTypes>
    <Icon>makergear_logo.png</Icon>
  </Printer>

  <Printer>
    <UUID>a264ecfc-7c8c-4db2-b0f2-c4b5953adb63</UUID>
    <Name>Mark One</Name>
    <Manufacturer>MarkForged</Manufacturer>
    <Technology>FilamentExtrusion</Technology>
    <PrintVolume>320 132 154</PrintVolume>
    <MinLayerHeight>0.1</MinLayerHeight>
    <MaxLayerHeight>0.1</MaxLayerHeight>
    <NozzleDiameter>0.4</NozzleDiameter>
    <FilamentDiameter>1.75</FilamentDiameter>
    <MaxMaterials>1</MaxMaterials>
    <MaterialTypes>
      <MaterialType>NylonFilament</MaterialType>
    </MaterialTypes>
    <Icon>ultimaker_logo.png</Icon>
  </Printer>


  <Printer>
    <UUID>a6c64aea-a658-4c52-ae56-a3b114e2a72a</UUID>
    <Name>Mark Two</Name>
    <Manufacturer>MarkForged</Manufacturer>
    <Technology>FilamentExtrusion</Technology>
    <PrintVolume>320 132 154</PrintVolume>
    <MinLayerHeight>0.1</MinLayerHeight>
    <MaxLayerHeight>0.1</MaxLayerHeight>
    <NozzleDiameter>0.4</NozzleDiameter>
    <FilamentDiameter>1.75</FilamentDiameter>
    <MaxMaterials>1</MaxMaterials>
    <MaterialTypes>
      <MaterialType>NylonFilament</MaterialType>
    </MaterialTypes>
    <Icon>ultimaker_logo.png</Icon>
  </Printer>

  <Printer>
    <UUID>a212460b-b5dd-476b-adab-7ec035d79f5b</UUID>
    <Name>ARKe</Name>
    <Manufacturer>Mcor</Manufacturer>
    <Technology>LaminatedPaper</Technology>
    <PrintVolume>240 205 125</PrintVolume>
    <MinLayerHeight>0.1</MinLayerHeight>
    <MaxLayerHeight>0.1</MaxLayerHeight>
    <MaxMaterials>1</MaxMaterials>
    <MaterialTypes>
      <MaterialType>Paper</MaterialType>
    </MaterialTypes>
    <Icon>dremel_logo.png</Icon>
  </Printer>


  <Printer>
    <UUID>e7ada430-f642-40c0-b843-cecbd46701f2</UUID>
    <Name>IRIS HD</Name>
    <Manufacturer>Mcor</Manufacturer>
    <Technology>LaminatedPaper</Technology>
    <PrintVolume>256 169 150</PrintVolume>
    <MinLayerHeight>0.1</MinLayerHeight>
    <MaxLayerHeight>0.2</MaxLayerHeight>
    <MaxMaterials>1</MaxMaterials>
    <MaterialTypes>
      <MaterialType>Paper</MaterialType>
    </MaterialTypes>
    <Icon>dremel_logo.png</Icon>
  </Printer>


  <Printer>
    <UUID>44e084c0-9fa3-4842-a845-2abf47274977</UUID>
    <Name>Matrix 300+</Name>
    <Manufacturer>Mcor</Manufacturer>
    <Technology>LaminatedPaper</Technology>
    <PrintVolume>256 169 150</PrintVolume>
    <MinLayerHeight>0.1</MinLayerHeight>
    <MaxLayerHeight>0.1</MaxLayerHeight>
    <MaxMaterials>1</MaxMaterials>
    <MaterialTypes>
      <MaterialType>Paper</MaterialType>
    </MaterialTypes>
    <Icon>dremel_logo.png</Icon>
  </Printer>

  <Printer>
    <UUID>7c33d33c-3344-405f-b219-0376dbf5a6f7</UUID>
    <Name>Simple</Name>
    <Manufacturer>PrintrBot</Manufacturer>
    <Technology>FilamentExtrusion</Technology>
    <PrintVolume>150 150 150</PrintVolume>
    <MaxTemperature>300</MaxTemperature>
    <MaxBuildPlateTemperature>80</MaxBuildPlateTemperature>
    <MinLayerHeight>0.05</MinLayerHeight>
    <MaxLayerHeight>0.3</MaxLayerHeight>
    <NozzleDiameter>0.4</NozzleDiameter>
    <FilamentDiameter>1.75</FilamentDiameter>
    <MaxMaterials>1</MaxMaterials>
    <MaterialTypes>
      <MaterialType>PLAFilament</MaterialType>
      <MaterialType>ABSFilament</MaterialType>
    </MaterialTypes>
    <Icon>printrbot_logo.png</Icon>
  </Printer>


  <Printer>
    <UUID>ec38d809-f58f-4669-bd8f-dd23befa5b3b</UUID>
    <Name>Plus</Name>
    <Manufacturer>PrintrBot</Manufacturer>
    <Technology>FilamentExtrusion</Technology>
    <PrintVolume>250 250 265</PrintVolume>
    <MaxTemperature>300</MaxTemperature>
    <MaxBuildPlateTemperature>80</MaxBuildPlateTemperature>
    <MinLayerHeight>0.05</MinLayerHeight>
    <MaxLayerHeight>0.3</MaxLayerHeight>
    <NozzleDiameter>0.4</NozzleDiameter>
    <FilamentDiameter>1.75</FilamentDiameter>
    <MaxMaterials>1</MaxMaterials>
    <MaterialTypes>
      <MaterialType>PLAFilament</MaterialType>
      <MaterialType>ABSFilament</MaterialType>
    </MaterialTypes>
    <Icon>printrbot_logo.png</Icon>
  </Printer>



  <Printer>
    <UUID>10ddf365-5439-4794-bc38-fa54e7b0b83f</UUID>
    <Name>Play</Name>
    <Manufacturer>PrintrBot</Manufacturer>
    <Technology>FilamentExtrusion</Technology>
    <PrintVolume>100 100 130</PrintVolume>
    <MaxTemperature>300</MaxTemperature>
    <MaxBuildPlateTemperature>80</MaxBuildPlateTemperature>
    <MinLayerHeight>0.05</MinLayerHeight>
    <MaxLayerHeight>0.3</MaxLayerHeight>
    <NozzleDiameter>0.4</NozzleDiameter>
    <FilamentDiameter>1.75</FilamentDiameter>
    <MaxMaterials>1</MaxMaterials>
    <MaterialTypes>
      <MaterialType>PLAFilament</MaterialType>
    </MaterialTypes>
    <Icon>printrbot_logo.png</Icon>
  </Printer>

  <Printer>
    <UUID>c40b77e1-2637-4270-962e-856474530e73</UUID>
    <Name>AM 250</Name>
    <Manufacturer>Renishaw</Manufacturer>
    <Technology>Metal_SLM</Technology>
    <PrintVolume>250 250 300</PrintVolume>
    <MinLayerHeight>0.025</MinLayerHeight>
    <MaxLayerHeight>0.05</MaxLayerHeight>
    <MaxMaterials>1</MaxMaterials>
    <MaterialTypes>
      <MaterialType>MetalPowder</MaterialType>
    </MaterialTypes>
    <Icon>userprinter.png</Icon>
  </Printer>

  <Printer>
    <UUID>dedcade4-d9dc-4609-b2a7-fe71262d6d3a</UUID>
    <Name>AM 400</Name>
    <Manufacturer>Renishaw</Manufacturer>
    <Technology>Metal_SLM</Technology>
    <PrintVolume>250 250 300</PrintVolume>
    <MinLayerHeight>0.025</MinLayerHeight>
    <MaxLayerHeight>0.05</MaxLayerHeight>
    <MaxMaterials>1</MaxMaterials>
    <MaterialTypes>
      <MaterialType>MetalPowder</MaterialType>
    </MaterialTypes>
    <Icon>userprinter.png</Icon>
  </Printer>

  <Printer>
    <UUID>40e6e43f-c231-4fcc-b9ec-316c593600ba</UUID>
    <Name>RenAM 500M</Name>
    <Manufacturer>Renishaw</Manufacturer>
    <Technology>Metal_SLM</Technology>
    <PrintVolume>250 250 350</PrintVolume>
    <MinLayerHeight>0.025</MinLayerHeight>
    <MaxLayerHeight>0.05</MaxLayerHeight>
    <MaxMaterials>1</MaxMaterials>
    <MaterialTypes>
      <MaterialType>MetalPowder</MaterialType>
    </MaterialTypes>
    <Icon>userprinter.png</Icon>
  </Printer>

  <Printer>
    <UUID>a46daaef-defe-4e91-9742-9adcef1ce7f0</UUID>
    <Name>Orion Delta</Name>
    <Manufacturer>SeeMeCNC</Manufacturer>
    <Technology>FilamentExtrusion</Technology>
    <PrintVolume>150 150 235</PrintVolume>
    <MaxNozzleTemperature>245</MaxNozzleTemperature>
    <MaxBuildPlateTemperature>120</MaxBuildPlateTemperature>
    <MinLayerHeight>0.125</MinLayerHeight>
    <MaxLayerHeight>0.3</MaxLayerHeight>
    <NozzleDiameter>0.5</NozzleDiameter>
    <FilamentDiameter>1.75</FilamentDiameter>
    <MaxMaterials>1</MaxMaterials>
    <MaterialTypes>
      <MaterialType>PLAFilament</MaterialType>
      <MaterialType>ABSFilament</MaterialType>
    </MaterialTypes>
    <Icon>ultimaker_logo.png</Icon>
  </Printer>

  <Printer>
    <UUID>29cc224d-1a27-4770-a7a1-ba78828e51e5</UUID>
    <Name>Rostock MAX</Name>
    <Manufacturer>SeeMeCNC</Manufacturer>
    <Technology>FilamentExtrusion</Technology>
    <PrintVolume>280 280 375</PrintVolume>
    <MaxNozzleTemperature>245</MaxNozzleTemperature>
    <MaxBuildPlateTemperature>120</MaxBuildPlateTemperature>
    <MinLayerHeight>0.02</MinLayerHeight>
    <MaxLayerHeight>0.3</MaxLayerHeight>
    <NozzleDiameter>0.5</NozzleDiameter>
    <FilamentDiameter>1.75</FilamentDiameter>
    <MaxMaterials>1</MaxMaterials>
    <MaterialTypes>
      <MaterialType>PLAFilament</MaterialType>
      <MaterialType>ABSFilament</MaterialType>
    </MaterialTypes>
    <Icon>ultimaker_logo.png</Icon>
  </Printer>

  <Printer>
    <UUID>46706036-e712-429e-aade-9a02afed3039</UUID>
    <Name>Acrylic Plastic</Name>
    <Manufacturer>Shapeways</Manufacturer>
    <IsPrintService>True</IsPrintService>
    <Technology>Plastic_SLS</Technology>
    <PrintVolume>250 250 200</PrintVolume>
    <MaxMaterials>1</MaxMaterials>
    <Icon>Shapeways_logo.png</Icon>
  </Printer>


  <Printer>
    <UUID>e8fb9c50-4a10-4b6e-8821-ea7f46d6fb86</UUID>
    <Name>Aluminum</Name>
    <Manufacturer>Shapeways</Manufacturer>
    <IsPrintService>True</IsPrintService>
    <Technology>Metal_SLM</Technology>
    <PrintVolume>250 250 200</PrintVolume>
    <MaxMaterials>1</MaxMaterials>
    <Icon>Shapeways_logo.png</Icon>
  </Printer>

  <Printer>
    <UUID>7148e6ea-a020-4939-9ae0-430e03e453f2</UUID>
    <Name>Castable Wax</Name>
    <Manufacturer>Shapeways</Manufacturer>
    <IsPrintService>True</IsPrintService>
    <Technology>Wax_Deposition</Technology>
    <PrintVolume>75 75 50</PrintVolume>
    <MaxMaterials>1</MaxMaterials>
    <Icon>Shapeways_logo.png</Icon>
  </Printer>

  <Printer>
    <UUID>ddc7c536-2e24-405b-8f8a-d49e7ea0674d</UUID>
    <Name>Elasto Plastic</Name>
    <Manufacturer>Shapeways</Manufacturer>
    <IsPrintService>True</IsPrintService>
    <Technology>Plastic_SLS</Technology>
    <PrintVolume>300 300 150</PrintVolume>
    <MaxMaterials>1</MaxMaterials>
    <Icon>Shapeways_logo.png</Icon>
  </Printer>

  <Printer>
    <UUID>93e25f1e-57c7-4d42-9fd6-8b9aa47945b7</UUID>
    <Name>Frosted Detail Plastic</Name>
    <Manufacturer>Shapeways</Manufacturer>
    <IsPrintService>True</IsPrintService>
    <Technology>Plastic_SLS</Technology>
    <PrintVolume>284 184 203</PrintVolume>
    <MaxMaterials>1</MaxMaterials>
    <Icon>Shapeways_logo.png</Icon>
  </Printer>

  <Printer>
    <UUID>e9659d28-98fc-48b4-9167-a2a19546a1e8</UUID>
    <Name>Frosted Extreme Detail</Name>
    <Manufacturer>Shapeways</Manufacturer>
    <IsPrintService>True</IsPrintService>
    <Technology>Plastic_SLS</Technology>
    <PrintVolume>50 50 200</PrintVolume>
    <MaxMaterials>1</MaxMaterials>
    <Icon>Shapeways_logo.png</Icon>
  </Printer>

  <Printer>
    <UUID>918bb4ae-89b5-4fe0-b3e9-6bf5facb16a7</UUID>
    <Name>Full Color Sandstone</Name>
    <Manufacturer>Shapeways</Manufacturer>
    <IsPrintService>True</IsPrintService>
    <Technology>BinderJetting</Technology>
    <PrintVolume>250 380 200</PrintVolume>
    <MaxMaterials>1</MaxMaterials>
    <Icon>Shapeways_logo.png</Icon>
  </Printer>

  <Printer>
    <UUID>ee6fad2e-e259-415a-9128-74be534a4b31</UUID>
    <Name>Metallic Plastic</Name>
    <Manufacturer>Shapeways</Manufacturer>
    <IsPrintService>True</IsPrintService>
    <Technology>Plastic_SLS</Technology>
    <PrintVolume>230 180 310</PrintVolume>
    <MaxMaterials>1</MaxMaterials>
    <Icon>Shapeways_logo.png</Icon>
  </Printer>

  <Printer>
    <UUID>45f5b407-bf8c-4398-8df3-aaf1151bc5c0</UUID>
    <Name>Polished Metallic Plastic</Name>
    <Manufacturer>Shapeways</Manufacturer>
    <IsPrintService>True</IsPrintService>
    <Technology>Plastic_SLS</Technology>
    <PrintVolume>150 150 150</PrintVolume>
    <MaxMaterials>1</MaxMaterials>
    <Icon>Shapeways_logo.png</Icon>
  </Printer>

  <Printer>
    <UUID>a5cbac00-eaa2-4ff6-aa10-7ef81abd5711</UUID>
    <Name>Porcelain Ceramic</Name>
    <Manufacturer>Shapeways</Manufacturer>
    <IsPrintService>True</IsPrintService>
    <Technology>Plastic_SLS</Technology>
    <PrintVolume>125 125 200</PrintVolume>
    <MaxMaterials>1</MaxMaterials>
    <Icon>Shapeways_logo.png</Icon>
  </Printer>

  <Printer>
    <UUID>410469b8-203f-46d6-a17b-a74803634d2e</UUID>
    <Name>Steel</Name>
    <Manufacturer>Shapeways</Manufacturer>
    <IsPrintService>True</IsPrintService>
    <Technology>BinderJetting</Technology>
    <PrintVolume>762 393 393</PrintVolume>
    <MaxMaterials>1</MaxMaterials>
    <Icon>Shapeways_logo.png</Icon>
  </Printer>

  <Printer>
    <UUID>d68d70dd-35dd-47da-b143-bac2ccce7101</UUID>
    <Name>Steel (Precious Metal Finish)</Name>
    <Manufacturer>Shapeways</Manufacturer>
    <IsPrintService>True</IsPrintService>
    <Technology>BinderJetting</Technology>
    <PrintVolume>330 190 228</PrintVolume>
    <MaxMaterials>1</MaxMaterials>
    <Icon>Shapeways_logo.png</Icon>
  </Printer>

  <Printer>
    <UUID>312b0a17-4315-4478-9f2d-bfb92532eea1</UUID>
    <Name>Strong and Flexible (White)</Name>
    <Manufacturer>Shapeways</Manufacturer>
    <IsPrintService>True</IsPrintService>
    <Technology>Plastic_SLS</Technology>
    <PrintVolume>650 350 550 </PrintVolume>
    <MaxMaterials>1</MaxMaterials>
    <Icon>Shapeways_logo.png</Icon>
  </Printer>

  <Printer>
    <UUID>214ebc5c-450f-453a-ba39-e2c78a84772d</UUID>
    <Name>Strong and Flexible (Black)</Name>
    <Manufacturer>Shapeways</Manufacturer>
    <IsPrintService>True</IsPrintService>
    <Technology>Plastic_SLS</Technology>
    <PrintVolume>230 180 320</PrintVolume>
    <MaxMaterials>1</MaxMaterials>
    <Icon>Shapeways_logo.png</Icon>
  </Printer>

  <Printer>
    <UUID>7fec6d7e-905b-42e2-9fba-f10d68868774</UUID>
    <Name>Strong and Flexible (Polished)</Name>
    <Manufacturer>Shapeways</Manufacturer>
    <IsPrintService>True</IsPrintService>
    <Technology>Plastic_SLS</Technology>
    <PrintVolume>200 150 150</PrintVolume>
    <MaxMaterials>1</MaxMaterials>
    <Icon>Shapeways_logo.png</Icon>
  </Printer>

  <Printer>
    <UUID>1fcc7960-664c-499d-bb53-6d5f5a6598a9</UUID>
    <Name>Precious Metals</Name>
    <Manufacturer>Shapeways</Manufacturer>
    <IsPrintService>True</IsPrintService>
    <Technology>Wax_Deposition</Technology>
    <PrintVolume>89 89 100</PrintVolume>
    <MaxMaterials>1</MaxMaterials>
    <Icon>Shapeways_logo.png</Icon>
  </Printer>

  <Printer>
    <UUID>a4999eac-d44f-4645-8e0c-f7068dc015f6</UUID>
    <Name>Mojo</Name>
    <Manufacturer>Stratasys</Manufacturer>
    <Technology>FilamentExtrusion</Technology>
    <PrintVolume>127 127 127</PrintVolume>
    <MinLayerHeight>0.170</MinLayerHeight>
    <MaxLayerHeight>0.170</MaxLayerHeight>
    <MaxMaterials>1</MaxMaterials>
    <MaterialTypes>
      <MaterialType>ABSFilament</MaterialType>
    </MaterialTypes>
    <Icon>stratasys_logo.png</Icon>
  </Printer>


  <Printer>
    <UUID>21b13d11-a2be-4aef-9940-ef204cdf8303</UUID>
    <Name>uPrint SE</Name>
    <Manufacturer>Stratasys</Manufacturer>
    <Technology>FilamentExtrusion</Technology>
    <PrintVolume>203 152 152</PrintVolume>
    <MinLayerHeight>0.254</MinLayerHeight>
    <MaxLayerHeight>0.254</MaxLayerHeight>
    <MaxMaterials>1</MaxMaterials>
    <MaterialTypes>
      <MaterialType>ABSFilament</MaterialType>
    </MaterialTypes>
    <Icon>stratasys_logo.png</Icon>
  </Printer>

  <Printer>
    <UUID>3f7b2f8d-cbd8-4665-89cb-93452dfa20c9</UUID>
    <Name>uPrint SE Plus</Name>
    <Manufacturer>Stratasys</Manufacturer>
    <Technology>FilamentExtrusion</Technology>
    <PrintVolume>203 203 152</PrintVolume>
    <MinLayerHeight>0.254</MinLayerHeight>
    <MaxLayerHeight>0.330</MaxLayerHeight>
    <MaxMaterials>1</MaxMaterials>
    <MaterialTypes>
      <MaterialType>ABSFilament</MaterialType>
    </MaterialTypes>
    <Icon>stratasys_logo.png</Icon>
  </Printer>


  <Printer>
    <UUID>62e702ee-2881-4120-b84b-4363a3b0cd27</UUID>
    <Name>Dimension BST 1200es</Name>
    <Manufacturer>Stratasys</Manufacturer>
    <Technology>FilamentExtrusion</Technology>
    <PrintVolume>254 254 305</PrintVolume>
    <MinLayerHeight>0.254</MinLayerHeight>
    <MaxLayerHeight>0.330</MaxLayerHeight>
    <MaxMaterials>1</MaxMaterials>
    <MaterialTypes>
      <MaterialType>ABSFilament</MaterialType>
    </MaterialTypes>
    <Icon>stratasys_logo.png</Icon>
  </Printer>


  <Printer>
    <UUID>12333b53-1129-41fe-b65f-6dbb560d2ee7</UUID>
    <Name>Dimension SST 1200es</Name>
    <Manufacturer>Stratasys</Manufacturer>
    <Technology>FilamentExtrusion</Technology>
    <PrintVolume>254 254 305</PrintVolume>
    <MinLayerHeight>0.254</MinLayerHeight>
    <MaxLayerHeight>0.330</MaxLayerHeight>
    <MaxMaterials>1</MaxMaterials>
    <MaterialTypes>
      <MaterialType>ABSFilament</MaterialType>
    </MaterialTypes>
    <Icon>stratasys_logo.png</Icon>
  </Printer>  
  
  <Printer>
    <UUID>8459ec40-d8c1-4ffc-b8cc-05b18ec4399d</UUID>
    <Name>Dimension Elite</Name>
    <Manufacturer>Stratasys</Manufacturer>
    <Technology>FilamentExtrusion</Technology>
    <PrintVolume>203 203 305</PrintVolume>
    <MinLayerHeight>0.178</MinLayerHeight>
    <MaxLayerHeight>0.254</MaxLayerHeight>
    <MaxMaterials>1</MaxMaterials>
    <MaterialTypes>
      <MaterialType>ABSFilament</MaterialType>
    </MaterialTypes>
    <Icon>stratasys_logo.png</Icon>
  </Printer>


  <Printer>
    <UUID>384c3758-07d9-42c6-8dad-5f7be0a7d5ad</UUID>
    <Name>Fortus 250mc</Name>
    <Manufacturer>Stratasys</Manufacturer>
    <Technology>FilamentExtrusion</Technology>
    <PrintVolume>254 254 305</PrintVolume>
    <MinLayerHeight>0.178</MinLayerHeight>
    <MaxLayerHeight>0.330</MaxLayerHeight>
    <MaxMaterials>1</MaxMaterials>
    <MaterialTypes>
      <MaterialType>ABSFilament</MaterialType>
    </MaterialTypes>
    <Icon>stratasys_logo.png</Icon>
  </Printer>


  <Printer>
    <UUID>9c151964-1fe9-4f8a-bf4c-ce0b796205bb</UUID>
    <Name>Fortus 380mc</Name>
    <Manufacturer>Stratasys</Manufacturer>
    <Technology>FilamentExtrusion</Technology>
    <PrintVolume>355 305 305</PrintVolume>
    <MinLayerHeight>0.127</MinLayerHeight>
    <MaxLayerHeight>0.330</MaxLayerHeight>
    <MaxMaterials>1</MaxMaterials>
    <MaterialTypes>
      <MaterialType>ABSFilament</MaterialType>
      <MaterialType>NylonFilament</MaterialType>
    </MaterialTypes>
    <Icon>stratasys_logo.png</Icon>
  </Printer>


  <Printer>
    <UUID>9e6ea11e-dfaa-47f6-8446-0a998ac79520</UUID>
    <Name>Fortus 450mc</Name>
    <Manufacturer>Stratasys</Manufacturer>
    <Technology>FilamentExtrusion</Technology>
    <PrintVolume>406 355 406</PrintVolume>
    <MinLayerHeight>0.127</MinLayerHeight>
    <MaxLayerHeight>0.330</MaxLayerHeight>
    <MaxMaterials>1</MaxMaterials>
    <MaterialTypes>
      <MaterialType>ABSFilament</MaterialType>
      <MaterialType>NylonFilament</MaterialType>
    </MaterialTypes>
    <Icon>stratasys_logo.png</Icon>
  </Printer>


  <Printer>
    <UUID>19aa5d72-19e7-483f-b899-60ddc4e72981</UUID>
    <Name>Fortus 900mc</Name>
    <Manufacturer>Stratasys</Manufacturer>
    <Technology>FilamentExtrusion</Technology>
    <PrintVolume>914.4 609.6 914.4</PrintVolume>
    <MinLayerHeight>0.178</MinLayerHeight>
    <MaxLayerHeight>0.330</MaxLayerHeight>
    <MaxMaterials>1</MaxMaterials>
    <MaterialTypes>
      <MaterialType>ABSFilament</MaterialType>
      <MaterialType>NylonFilament</MaterialType>
    </MaterialTypes>
    <Icon>stratasys_logo.png</Icon>
  </Printer>  
  
  <Printer>
    <UUID>69987c0a-d621-4223-84da-3d024e9ba53d</UUID>
    <Name>Litto</Name>
    <Manufacturer>Tinkerines</Manufacturer>
    <Technology>FilamentExtrusion</Technology>
    <PrintVolume>135 120 175</PrintVolume>
    <MinLayerHeight>0.1</MinLayerHeight>
    <MaxLayerHeight>0.3</MaxLayerHeight>
    <NozzleDiameter>0.35</NozzleDiameter>
    <FilamentDiameter>1.75</FilamentDiameter>
    <MaxMaterials>1</MaxMaterials>
    <MaterialTypes>
      <MaterialType>PLAFilament</MaterialType>
    </MaterialTypes>
    <Icon>tinkerine_logo.png</Icon>
  </Printer>

  <Printer>
    <UUID>4a351f9a-d1c6-47e6-bf1d-9b706591662a</UUID>
    <Name>Ditto+</Name>
    <Manufacturer>Tinkerines</Manufacturer>
    <Technology>FilamentExtrusion</Technology>
    <PrintVolume>210 185 230</PrintVolume>
    <MinLayerHeight>0.1</MinLayerHeight>
    <MaxLayerHeight>0.3</MaxLayerHeight>
    <NozzleDiameter>0.35</NozzleDiameter>
    <FilamentDiameter>1.75</FilamentDiameter>
    <MaxMaterials>1</MaxMaterials>
    <MaterialTypes>
      <MaterialType>PLAFilament</MaterialType>
    </MaterialTypes>
    <Icon>tinkerine_logo.png</Icon>
  </Printer>

  <Printer>
    <UUID>b6e2242b-1d1c-4d0f-9aa1-61443ec4ece1</UUID>
    <Name>Ditto Pro</Name>
    <Manufacturer>Tinkerines</Manufacturer>
    <Technology>FilamentExtrusion</Technology>
    <PrintVolume>370 390 436</PrintVolume>
    <MaxTemperature>300</MaxTemperature>
    <MinLayerHeight>0.05</MinLayerHeight>
    <MaxLayerHeight>0.3</MaxLayerHeight>
    <NozzleDiameter>0.35</NozzleDiameter>
    <FilamentDiameter>1.75</FilamentDiameter>
    <MaxMaterials>1</MaxMaterials>
    <MaterialTypes>
      <MaterialType>PLAFilament</MaterialType>
    </MaterialTypes>
    <Icon>tinkerine_logo.png</Icon>
  </Printer>

  <Printer>
    <UUID>69210fe4-29a2-4fd0-be59-f4f21bf9b72f</UUID>
    <Name>Series 1 (2013)</Name>
    <Manufacturer>Type A</Manufacturer>
    <Technology>FilamentExtrusion</Technology>
    <PrintVolume>305 305 305</PrintVolume>
    <MaxTemperature>300</MaxTemperature>
    <MinLayerHeight>0.05</MinLayerHeight>
    <MaxLayerHeight>0.3</MaxLayerHeight>
    <NozzleDiameter>0.4</NozzleDiameter>
    <FilamentDiameter>1.75</FilamentDiameter>
    <MaxMaterials>1</MaxMaterials>
    <MaterialTypes>
      <MaterialType>PLAFilament</MaterialType>
      <MaterialType>ABSFilament</MaterialType>
      <MaterialType>NylonFilament</MaterialType>
    </MaterialTypes>
    <Icon>typea_logo.png</Icon>
  </Printer>

  <Printer>
    <UUID>c40850a5-7dbc-4748-86ca-964264d2f4ac</UUID>
    <Name>Series 1 (2014)</Name>
    <Manufacturer>Type A</Manufacturer>
    <Technology>FilamentExtrusion</Technology>
    <PrintVolume>305 305 305</PrintVolume>
    <MaxTemperature>300</MaxTemperature>
    <MinLayerHeight>0.05</MinLayerHeight>
    <MaxLayerHeight>0.3</MaxLayerHeight>
    <NozzleDiameter>0.4</NozzleDiameter>
    <FilamentDiameter>1.75</FilamentDiameter>
    <MaxMaterials>1</MaxMaterials>
    <MaterialTypes>
      <MaterialType>PLAFilament</MaterialType>
      <MaterialType>ABSFilament</MaterialType>
      <MaterialType>NylonFilament</MaterialType>
    </MaterialTypes>
    <Icon>typea_logo.png</Icon>
  </Printer>
  
  
  <Printer>
    <UUID>ffdb911c-43e3-4e1a-b717-fff7d867feff</UUID>
    <Name>Series 1 Pro</Name>
    <Manufacturer>Type A</Manufacturer>
    <Technology>FilamentExtrusion</Technology>
    <PrintVolume>305 305 305</PrintVolume>
    <MaxTemperature>300</MaxTemperature>
    <MaxBuildPlateTemperature>120</MaxBuildPlateTemperature>
    <MinLayerHeight>0.05</MinLayerHeight>
    <MaxLayerHeight>0.3</MaxLayerHeight>
    <NozzleDiameter>0.4</NozzleDiameter>
    <FilamentDiameter>1.75</FilamentDiameter>
    <MaxMaterials>1</MaxMaterials>
    <MaterialTypes>
      <MaterialType>PLAFilament</MaterialType>
      <MaterialType>ABSFilament</MaterialType>
      <MaterialType>NylonFilament</MaterialType>
    </MaterialTypes>
    <Icon>typea_logo.png</Icon>
  </Printer>

  <Printer>
    <UUID>57a13157-19a5-4365-af1e-fdf724a27b10</UUID>
    <Name>Original</Name>
    <Manufacturer>Ultimaker</Manufacturer>
    <Technology>FilamentExtrusion</Technology>
    <PrintVolume>210 210 205</PrintVolume>
    <MinNozzleTemperature>180</MinNozzleTemperature>
    <MaxNozzleTemperature>260</MaxNozzleTemperature>
    <MinLayerHeight>0.2</MinLayerHeight>
    <MaxLayerHeight>0.3</MaxLayerHeight>
    <NozzleDiameter>0.4</NozzleDiameter>
    <FilamentDiameter>2.85</FilamentDiameter>
    <MaxMaterials>1</MaxMaterials>
    <MaterialTypes>
      <MaterialType>PLAFilament</MaterialType>
    </MaterialTypes>
    <Icon>ultimaker_logo.png</Icon>
  </Printer>


  <Printer>
    <UUID>3966efae-1c6e-4c07-a3e7-f07971ade1bc</UUID>
    <Name>Original+</Name>
    <Manufacturer>Ultimaker</Manufacturer>
    <Technology>FilamentExtrusion</Technology>
    <PrintVolume>210 210 205</PrintVolume>
    <MinNozzleTemperature>180</MinNozzleTemperature>
    <MaxNozzleTemperature>260</MaxNozzleTemperature>
    <MinBuildPlateTemperature>50</MinBuildPlateTemperature>
    <MaxBuildPlateTemperature>100</MaxBuildPlateTemperature>
    <MinLayerHeight>0.2</MinLayerHeight>
    <MaxLayerHeight>0.3</MaxLayerHeight>
    <NozzleDiameter>0.4</NozzleDiameter>
    <FilamentDiameter>2.85</FilamentDiameter>
    <MaxMaterials>1</MaxMaterials>
    <MaterialTypes>
      <MaterialType>PLAFilament</MaterialType>
      <MaterialType>ABSFilament</MaterialType>
    </MaterialTypes>
    <Icon>ultimaker_logo.png</Icon>
  </Printer>



  <Printer>
    <UUID>f2895d5d-6a27-42e3-bd05-84d3dec5fac1</UUID>
    <Name>2 Go</Name>
    <Manufacturer>Ultimaker</Manufacturer>
    <Technology>FilamentExtrusion</Technology>
    <PrintVolume>120 120 115</PrintVolume>
    <MinNozzleTemperature>180</MinNozzleTemperature>
    <MaxNozzleTemperature>260</MaxNozzleTemperature>
    <MinLayerHeight>0.2</MinLayerHeight>
    <MaxLayerHeight>0.3</MaxLayerHeight>
    <NozzleDiameter>0.4</NozzleDiameter>
    <FilamentDiameter>2.85</FilamentDiameter>
    <MaxMaterials>1</MaxMaterials>
    <MaterialTypes>
      <MaterialType>PLAFilament</MaterialType>
    </MaterialTypes>
    <Icon>ultimaker_logo.png</Icon>
  </Printer>


  <Printer>
    <UUID>ff59b7b0-d629-44fe-a8cb-74d4daa7dd24</UUID>
    <Name>2+</Name>
    <Manufacturer>Ultimaker</Manufacturer>
    <Technology>FilamentExtrusion</Technology>
    <PrintVolume>223 223 205</PrintVolume>
    <MinNozzleTemperature>180</MinNozzleTemperature>
    <MaxNozzleTemperature>260</MaxNozzleTemperature>
    <MinBuildPlateTemperature>50</MinBuildPlateTemperature>
    <MaxBuildPlateTemperature>100</MaxBuildPlateTemperature>
    <MinLayerHeight>0.02</MinLayerHeight>
    <MaxLayerHeight>0.2</MaxLayerHeight>
    <NozzleDiameter>0.4</NozzleDiameter>
    <FilamentDiameter>2.85</FilamentDiameter>
    <MaxMaterials>1</MaxMaterials>
    <MaterialTypes>
      <MaterialType>PLAFilament</MaterialType>
      <MaterialType>ABSFilament</MaterialType>
    </MaterialTypes>
    <Icon>ultimaker_logo.png</Icon>
  </Printer>


  <Printer>
    <UUID>577a6860-699b-4dd6-82b8-09677996332d</UUID>
    <Name>2+ Extended</Name>
    <Manufacturer>Ultimaker</Manufacturer>
    <Technology>FilamentExtrusion</Technology>
    <PrintVolume>223 223 305</PrintVolume>
    <MinNozzleTemperature>180</MinNozzleTemperature>
    <MaxNozzleTemperature>260</MaxNozzleTemperature>
    <MinBuildPlateTemperature>50</MinBuildPlateTemperature>
    <MaxBuildPlateTemperature>100</MaxBuildPlateTemperature>
    <MinLayerHeight>0.02</MinLayerHeight>
    <MaxLayerHeight>0.2</MaxLayerHeight>
    <NozzleDiameter>0.4</NozzleDiameter>
    <FilamentDiameter>2.85</FilamentDiameter>
    <MaxMaterials>1</MaxMaterials>
    <MaterialTypes>
      <MaterialType>PLAFilament</MaterialType>
      <MaterialType>ABSFilament</MaterialType>
    </MaterialTypes>
    <Icon>ultimaker_logo.png</Icon>
  </Printer>

  <Printer>
    <UUID>78e4c993-b277-487c-a192-68ab2de20a25</UUID>
    <Name>Mini</Name>
    <Manufacturer>Up</Manufacturer>
    <Technology>FilamentExtrusion</Technology>
    <PrintVolume>120 120 120</PrintVolume>
    <MinLayerHeight>0.2</MinLayerHeight>
    <MaxLayerHeight>0.4</MaxLayerHeight>
    <NozzleDiameter>0.4</NozzleDiameter>
    <FilamentDiameter>1.75</FilamentDiameter>
    <MaxMaterials>2</MaxMaterials>
    <MaterialTypes>
      <MaterialType>PLAFilament</MaterialType>
      <MaterialType>ABSFilament</MaterialType>
    </MaterialTypes>
    <Icon>up3d_logo.png</Icon>
  </Printer>


  <Printer>
    <UUID>049ae66e-80d3-409d-8e6a-c31dc940742b</UUID>
    <Name>Plus 2</Name>
    <Manufacturer>Up</Manufacturer>
    <Technology>FilamentExtrusion</Technology>
    <PrintVolume>138 138 135</PrintVolume>
    <MinLayerHeight>0.15</MinLayerHeight>
    <MaxLayerHeight>0.4</MaxLayerHeight>
    <NozzleDiameter>0.4</NozzleDiameter>
    <FilamentDiameter>1.75</FilamentDiameter>
    <MaxMaterials>2</MaxMaterials>
    <MaterialTypes>
      <MaterialType>PLAFilament</MaterialType>
      <MaterialType>ABSFilament</MaterialType>
    </MaterialTypes>
    <Icon>up3d_logo.png</Icon>
  </Printer>



  <Printer>
    <UUID>1b7fb73c-fe5e-468f-bc5c-391d585bf22e</UUID>
    <Name>Box</Name>
    <Manufacturer>Up</Manufacturer>
    <Technology>FilamentExtrusion</Technology>
    <PrintVolume>255 205 205</PrintVolume>
    <MinLayerHeight>0.1</MinLayerHeight>
    <MaxLayerHeight>0.4</MaxLayerHeight>
    <NozzleDiameter>0.4</NozzleDiameter>
    <FilamentDiameter>1.75</FilamentDiameter>
    <MaxMaterials>2</MaxMaterials>
    <MaterialTypes>
      <MaterialType>PLAFilament</MaterialType>
      <MaterialType>ABSFilament</MaterialType>
    </MaterialTypes>
    <Icon>up3d_logo.png</Icon>
  </Printer>


  <Printer>
    <UUID>ba2c08fb-b5bd-4eee-b3da-d7dc36d37197</UUID>
    <Name>DeltaWASP 20 40</Name>
    <Manufacturer>WASP</Manufacturer>
    <Technology>FilamentExtrusion</Technology>
    <PrintVolume>200 200 400</PrintVolume>
    <BedShape>Circular</BedShape>
    <MaxNozzleTemperature>260</MaxNozzleTemperature>
    <MaxBuildPlateTemperature>100</MaxBuildPlateTemperature>
    <MinLayerHeight>0.05</MinLayerHeight>
    <MaxLayerHeight>0.25</MaxLayerHeight>
    <NozzleDiameter>0.4</NozzleDiameter>
    <FilamentDiameter>1.75</FilamentDiameter>
    <MaxMaterials>1</MaxMaterials>
    <MaterialTypes>
      <MaterialType>PLAFilament</MaterialType>
      <MaterialType>ABSFilament</MaterialType>
    </MaterialTypes>
    <Icon>zortrax_logo.png</Icon>
  </Printer>

  <Printer>
    <UUID>ad9bcc34-bd2c-4dca-93e0-7d2c025765b2</UUID>
    <Name>DeltaWASP 40 70</Name>
    <Manufacturer>WASP</Manufacturer>
    <Technology>FilamentExtrusion</Technology>
    <PrintVolume>400 400 700</PrintVolume>
    <BedShape>Circular</BedShape>
    <MaxNozzleTemperature>260</MaxNozzleTemperature>
    <MaxBuildPlateTemperature>100</MaxBuildPlateTemperature>
    <MinLayerHeight>0.05</MinLayerHeight>
    <MaxLayerHeight>0.25</MaxLayerHeight>
    <NozzleDiameter>0.35</NozzleDiameter>
    <FilamentDiameter>3.0</FilamentDiameter>
    <MaxMaterials>1</MaxMaterials>
    <MaterialTypes>
      <MaterialType>PLAFilament</MaterialType>
      <MaterialType>ABSFilament</MaterialType>
    </MaterialTypes>
    <Icon>zortrax_logo.png</Icon>
  </Printer>



  <Printer>
    <UUID>ac643f17-0484-4081-b9a1-3bc5251d3261</UUID>
    <Name>DeltaWASP 60 100</Name>
    <Manufacturer>WASP</Manufacturer>
    <Technology>FilamentExtrusion</Technology>
    <PrintVolume>600 600 1000</PrintVolume>
    <BedShape>Circular</BedShape>
    <MaxNozzleTemperature>260</MaxNozzleTemperature>
    <MaxBuildPlateTemperature>100</MaxBuildPlateTemperature>
    <MinLayerHeight>0.05</MinLayerHeight>
    <MaxLayerHeight>0.25</MaxLayerHeight>
    <NozzleDiameter>0.4</NozzleDiameter>
    <FilamentDiameter>1.75</FilamentDiameter>
    <MaxMaterials>1</MaxMaterials>
    <MaterialTypes>
      <MaterialType>PLAFilament</MaterialType>
      <MaterialType>ABSFilament</MaterialType>
    </MaterialTypes>
    <Icon>zortrax_logo.png</Icon>
  </Printer>



  <Printer>
    <UUID>a861d5c0-1794-437e-a693-6da4d1d44341</UUID>
    <Name>Delta Open</Name>
    <Manufacturer>WASP</Manufacturer>
    <Technology>FilamentExtrusion</Technology>
    <PrintVolume>200 200 290</PrintVolume>
    <BedShape>Circular</BedShape>
    <MaxNozzleTemperature>260</MaxNozzleTemperature>
    <MaxBuildPlateTemperature>100</MaxBuildPlateTemperature>
    <MinLayerHeight>0.05</MinLayerHeight>
    <MaxLayerHeight>0.25</MaxLayerHeight>
    <NozzleDiameter>0.4</NozzleDiameter>
    <FilamentDiameter>1.75</FilamentDiameter>
    <MaxMaterials>1</MaxMaterials>
    <MaterialTypes>
      <MaterialType>PLAFilament</MaterialType>
      <MaterialType>ABSFilament</MaterialType>
    </MaterialTypes>
    <Icon>zortrax_logo.png</Icon>
  </Printer>



  <Printer>
    <UUID>d50f3844-da2c-478b-b62b-de45edbc0ea5</UUID>
    <Name>DeltaWASP 20 40 Turbo</Name>
    <Manufacturer>WASP</Manufacturer>
    <Technology>FilamentExtrusion</Technology>
    <PrintVolume>200 200 400</PrintVolume>
    <BedShape>Circular</BedShape>
    <MaxNozzleTemperature>260</MaxNozzleTemperature>
    <MaxBuildPlateTemperature>100</MaxBuildPlateTemperature>
    <MinLayerHeight>0.05</MinLayerHeight>
    <MaxLayerHeight>0.25</MaxLayerHeight>
    <NozzleDiameter>0.4</NozzleDiameter>
    <FilamentDiameter>1.75</FilamentDiameter>
    <MaxMaterials>1</MaxMaterials>
    <MaterialTypes>
      <MaterialType>PLAFilament</MaterialType>
      <MaterialType>ABSFilament</MaterialType>
    </MaterialTypes>
    <Icon>zortrax_logo.png</Icon>
  </Printer>


  <Printer>
    <UUID>6d02df75-d74b-499e-bedb-e03e0101e1c0</UUID>
    <Name>PowerWASP EVO</Name>
    <Manufacturer>WASP</Manufacturer>
    <Technology>FilamentExtrusion</Technology>
    <PrintVolume>260 195 190</PrintVolume>
    <MaxNozzleTemperature>260</MaxNozzleTemperature>
    <MaxBuildPlateTemperature>100</MaxBuildPlateTemperature>
    <MinLayerHeight>0.05</MinLayerHeight>
    <MaxLayerHeight>0.25</MaxLayerHeight>
    <NozzleDiameter>0.4</NozzleDiameter>
    <FilamentDiameter>1.75</FilamentDiameter>
    <MaxMaterials>1</MaxMaterials>
    <MaterialTypes>
      <MaterialType>PLAFilament</MaterialType>
      <MaterialType>ABSFilament</MaterialType>
    </MaterialTypes>
    <Icon>zortrax_logo.png</Icon>
  </Printer>

  <Printer>
    <UUID>ac171cd2-89f8-4605-9d8e-7867806aaa3c</UUID>
    <Name>Inventure</Name>
    <Manufacturer>Zortrax</Manufacturer>
    <Technology>FilamentExtrusion</Technology>
    <PrintVolume>140 140 140</PrintVolume>
    <MaxNozzleTemperature>380</MaxNozzleTemperature>
    <MinLayerHeight>0.09</MinLayerHeight>
    <MaxLayerHeight>0.4</MaxLayerHeight>
    <NozzleDiameter>0.3</NozzleDiameter>
    <FilamentDiameter>1.75</FilamentDiameter>
    <MaxMaterials>2</MaxMaterials>
    <MaterialTypes>
      <MaterialType>PLAFilament</MaterialType>
      <MaterialType>ABSFilament</MaterialType>
      <MaterialType>NylonFilament</MaterialType>
    </MaterialTypes>
    <Icon>zortrax_logo.png</Icon>
  </Printer>


  <Printer>
    <UUID>8cefc263-e3e7-4118-a66b-ef8b75cb6959</UUID>
    <Name>M200</Name>
    <Manufacturer>Zortrax</Manufacturer>
    <Technology>FilamentExtrusion</Technology>
    <PrintVolume>200 200 180</PrintVolume>
    <MaxNozzleTemperature>380</MaxNozzleTemperature>
    <MaxBuildPlateTemperature>110</MaxBuildPlateTemperature>
    <MinLayerHeight>0.09</MinLayerHeight>
    <MaxLayerHeight>0.4</MaxLayerHeight>
    <NozzleDiameter>0.4</NozzleDiameter>
    <FilamentDiameter>1.75</FilamentDiameter>
    <MaxMaterials>1</MaxMaterials>
    <MaterialTypes>
      <MaterialType>PLAFilament</MaterialType>
      <MaterialType>ABSFilament</MaterialType>
      <MaterialType>NylonFilament</MaterialType>
    </MaterialTypes>
    <Icon>zortrax_logo.png</Icon>
  </Printer>


</PrinterList>
