<?xml version="1.0" encoding="UTF-8"?>
<WhiteList expiration="14897692671">
  <Custom>
    <Item RuntimeName="AppOpen" Type="W"/>
    <Item RuntimeName="AppOpen.Session" Type="S"/>
    <Item RuntimeName="AppOpen.Session.Number" Type="A"/>
    <Item RuntimeName="AppOpenGL" Type="W"/>
    <Item RuntimeName="AppOpenGL.AppOpenGLFBO" Type="S"/>
    <Item RuntimeName="AppOpenGL.AppOpenGLFBO.Supported" Type="A"/>
    <Item RuntimeName="AppOpenGL.AppOpenGL1.1" Type="S"/>
    <Item RuntimeName="AppOpenGL.AppOpenGL1.1.Supported" Type="A"/>
    <Item RuntimeName="Print.SendToPrinter" Type="W"/>
    <Item RuntimeName="Print.SendToPrinter.Params" Type="S"/>
    <Item RuntimeName="Print.SendToPrinter.Params.PrinterName" Type="A"/>
    <Item RuntimeName="Print.SendToPrinter.Params.TotalObjects" Type="A"/>
    <Item RuntimeName="Print.File.Export" Type="W"/>
    <Item RuntimeName="Print.File.Export.Params" Type="S"/>
    <Item RuntimeName="Print.File.Export.Params.Objects" Type="A"/>
    <Item RuntimeName="File.Save" Type="W"/>
    <Item RuntimeName="File.Save.Params" Type="S"/>
    <Item RuntimeName="File.Save.Params.Vertices" Type="A"/>
    <Item RuntimeName="File.Save.Params.Triangles" Type="A"/>
  </Custom>

  <Command>
    <Item CommandName="Print.DirectPrint.Failed" />
    <Item CommandName="Print.AddNewPrinter" />
    <Item CommandName="AppForceCheckUpdate" />
    <Item CommandName="AppLaunchDialog.Open" />
    <Item CommandName="AppLaunchDialog.Import" />
    <Item CommandName="AppLaunchDialog.ImportBunny" />
    <Item CommandName="AppLaunchDialog.ImportSphere" />
    <Item CommandName="AppLaunchDialog.ImportPlane" />
    <Item CommandName="MeshMix.DropPart" />
    <Item CommandName="MeshMix.DropSolidPart" />
    <Item CommandName="Crash" />
    <Item CommandName="AppLaunchDialog.3DPrintingInfo" />
    <Item CommandName="AppLaunchDialog.KeyboardShortcuts" />
    <Item CommandName="AppDownloadUpdate" />
    <Item CommandName="EnableAppUpdateCheck" />
    <Item CommandName="DisableAppUpdateCheck" />
    <Item CommandName="ImportReference" />
    <Item CommandName="ImportReference" />
    <Item CommandName="Import" />
    <Item CommandName="Import.Bunny" />
    <Item CommandName="Import.Sphere" />
    <Item CommandName="Import.Plane" />
    <Item CommandName="OpenMix" />
    <Item CommandName="SaveMix" />
    <Item CommandName="Export" />
    <Item CommandName="SetTargetSurface" />
    <Item CommandName="Undo" />
    <Item CommandName="Redo" />
    <Item CommandName="UndoSkipTools" />
    <Item CommandName="RedoSkipTools" />
    <Item CommandName="Select" />
    <Item CommandName="Select.Lasso" />
    <Item CommandName="Select.Paint" />
    <Item CommandName="SelectEdits.AlignToTarget" />
    <Item CommandName="SelectEdits.AttractToTarget" />
    <Item CommandName="SelectEdits.Discard" />
    <Item CommandName="SelectEdits.FlipNormals" />
    <Item CommandName="SelectEdits.CreateFaceGroup" />
    <Item CommandName="SelectEdits.ClearFaceGroup" />
    <Item CommandName="SelectEdits.Smooth" />
    <Item CommandName="SelectEdits.SmoothBoundary" />
    <Item CommandName="SelectEdits.Warp" />
    <Item CommandName="SelectEdits.Transform" />
    <Item CommandName="SelectEdits.FacePlaneCut" />
    <Item CommandName="SelectEdits.SoftTransform" />
    <Item CommandName="SelectEdits.FitPrimitive" />
    <Item CommandName="SelectEdits.Replace" />
    <Item CommandName="SelectEdits.Remesh" />
    <Item CommandName="SelectEdits.Extrude" />
    <Item CommandName="SelectEdits.Extract" />
    <Item CommandName="SelectEdits.Offset" />
    <Item CommandName="SelectEdits.TubeHandle" />
    <Item CommandName="SelectEdits.Bridge" />
    <Item CommandName="SelectEdits.Join" />
    <Item CommandName="SelectEdits.WeldBoundaries" />
    <Item CommandName="SelectEdits.Separate" />
    <Item CommandName="Creation.CreatePivot" />
    <Item CommandName="ConvertTo.MakePart" />
    <Item CommandName="ConvertTo.MakeSolidPart" />
    <Item CommandName="ConvertTo.MakePolygon" />
    <Item CommandName="Edits.AddTube" />
    <Item CommandName="Edits.VariationalRemesh" />
    <Item CommandName="Edits.GenerateComplex" />
    <Item CommandName="Edits.ExtractExteriorSurface" />
    <Item CommandName="Edits.SplitNonManifoldSurface" />
    <Item CommandName="Edits.MakeSolid" />
    <Item CommandName="Edits.Hollow" />
    <Item CommandName="Edits.MakePattern" />
    <Item CommandName="Edits.GenerateFaceGroups" />
    <Item CommandName="Edits.Unwrap" />
    <Item CommandName="Edits.WeldCracks" />
    <Item CommandName="Edits.Mirror" />
    <Item CommandName="Edits.Combine" />
    <Item CommandName="Edits.Duplicate" />
    <Item CommandName="Edits.Transform" />
    <Item CommandName="Edits.PlaneCut" />
    <Item CommandName="Edits.Align" />
    <Item CommandName="Edits.Union" />
    <Item CommandName="Edits.Difference" />
    <Item CommandName="Edits.Intersection" />
    <Item CommandName="Edits.SeparateShells" />
    <Item CommandName="Analysis.Measure" />
    <Item CommandName="Analysis.MeshQuery" />
    <Item CommandName="Analysis.Inspector" />
    <Item CommandName="Analysis.Stability" />
    <Item CommandName="Analysis.Orientation" />
    <Item CommandName="Analysis.Slicing" />
    <Item CommandName="Analysis.Strength" />
    <Item CommandName="Analysis.Deviation" />
    <Item CommandName="Analysis.Clearance" />
    <Item CommandName="Analysis.PrintBedLayou" />
    <Item CommandName="Analysis.Thickness" />
    <Item CommandName="Analysis.Overhangs" />
    <Item CommandName="Analysis.Units" />
    <Item CommandName="Sculpt.SmoothBrush" />
    <Item CommandName="Sculpt.SurfaceBrush" />
    <Item CommandName="Sculpt.VolumeBrush" />
    <Item CommandName="Stamp" />
    <Item CommandName="Print" />
    <Item CommandName="DisabledDataCollection" />
    <Item CommandName="EnableDataCollection" />
    <Item CommandName="Actionbar.DisabledButton" />
    <Item CommandName="Actionbar.Shaders" />
    <Item CommandName="Tooltip.PanelClicked" />
    <Item CommandName="API.ConnectTCP" />
    <Item CommandName="API.ConnectUDP" />
    <Item CommandName="API.Command" />
  </Command>

</WhiteList>
